Ultiboard Information Export File,,,,,,,,
,,,,,,,,
Design Name  : Floor Node - Part centroids,,,,,,,,
Report Date  : 8 July 2015,,,,,,,,
Report Time  : 16:15,,,,,,,,
--------------------------------------------------------------------------------,,,,,,,,
,,,,,,,,
REFDES,VALUE,SHAPE,X_CENTRE[mil],Y_CENTRE[mil],ROT,SIDE,TYPE,DO NOT INSERT
,,,,,,,,
C1,100pF,CAPC2012X145N,1819,1087,270,TOP,SMD,
C2,.1uF,CAPC2012X145N,1296,1058,0,TOP,SMD,
C3,1nF,CAPC2012X145N,1655,1447,0,TOP,SMD,
C4,1uF,CAPC2012X145N,1717,686,180,TOP,SMD,DO NOT INSERT
C5,22uF,CAPC3225X279N,775,212,90,TOP,SMD,
C6,.1uF,CAPC2012X145N,880,188,90,TOP,SMD,
C7,.1uF,CAPC2012X145N,553,1105,0,TOP,SMD,
C8,.1uF,CAPC2012X145N,1318,790,90,TOP,SMD,
C9,1uF,CAPC2012X145N,1410,790,90,TOP,SMD,
C10,18pF,CAPC2012X145N,1997,1206,90,TOP,SMD,
C11,18pF,CAPC2012X145N,1997,1057,270,TOP,SMD,
C12,22uF,CAPC3225X279N,719,1127,180,TOP,SMD,
C13,.33uF,CAPC2012X145N,976,578,90,TOP,SMD,
C14,100pF,CAPC2012X145N,1475,790,90,TOP,SMD,
FTDI,FTDI,HDR1X6,1900,800,180,TOP,THD,DO NOT INSERT
ISP1,ISP,Ribbon 6,1334,1250,90,TOP,SMD,DO NOT INSERT
ISP2,ISP,Ribbon 6,1334,1250,90,BOTTOM,SMD,DO NOT INSERT
ISP3,ISP,HDR2X3,1880,1379,180,TOP,THD,DO NOT INSERT
J1,HDR1X2,26-60-5020,792.91339,1345,90,TOP,THD,
J6,TEST_PT1,1217861,1442,1443,0,TOP,THD,
J7,HDR1X3,HDR1X3,825,800,270,TOP,THD,DO NOT INSERT
LED,RGB,LTST-C19HE1WT,897,546,90,TOP,SMD,
LEDS,SWR25X-NRTC-S04-RB-BA,SWR25X-NRTC-S04-RB-BA,433.07087,900,270,TOP,THD,
NEXT,RJ45,54602-908LF,600,300,270,TOP,THD,
PREV,RJ45,54602-908LF,1650,300,90,TOP,THD,
Q1,NTR4003NT1G,SOT95P237X111-3N,550,1000,180,TOP,SMD,
Q2,NTR4003NT1G,SOT95P237X111-3N,550,850,180,TOP,SMD,
Q3,NTR4003NT1G,SOT95P237X111-3N,550,700,180,TOP,SMD,
R1,20kOhm,RESC2012X70N,1869,686,180,TOP,SMD,
R2,1MOhm,RESC2012X70N,1655,1377,180,TOP,SMD,
R3,82.5Ohm,RESC2012X70N,790,439,0,TOP,SMD,
R4,145Ohm,RESC2012X70N,790,514,0,TOP,SMD,
R5,82.5Ohm,RESC2012X70N,790,589,0,TOP,SMD,
R6,145Ohm,RESC2012X70N,1835,912,180,TOP,SMD,
R7,1Ohm,RESC2012X70N,700,877,0,TOP,SMD,
R8,1Ohm,RESC2012X70N,700,800,0,TOP,SMD,
R9,1Ohm,RESC2012X70N,700,723,0,TOP,SMD,
R10,40kOhm,RESC2012X70N,950,1031,180,TOP,SMD,
R11,20kOhm,RESC2012X70N,950,954,0,TOP,SMD,
R12,20kOhm,RESC2012X70N,950,877,0,TOP,SMD,
R13,20kOhm,RESC2012X70N,950,800,0,TOP,SMD,
R14,20kOhm,RESC2012X70N,950,723,0,TOP,SMD,
R15,120Ohm,RESC2012X70N,1404,328,270,TOP,SMD,DO NOT INSERT
R16,20kOhm,RESC2012X70N,1496,328,270,TOP,SMD,
U1,Atmega328p,QFP80P900X900X120-32N,1569,1115,180,TOP,SMD,
U2,RT9058,TO228P991X238-3N,1150,660.78736,90,TOP,SMD,
U3,ISL81487E,SOIC127P600X175-8N,1417,545,90,TOP,SMD,
Y1,Crystal,AT49,2141,1177,90,TOP,SMD,
