Ultiboard Information Export File,,,,,,,
,,,,,,,
Design Name  : Floor Node - Bill of materials,,,,,,,
Report Date  : 8 July 2015,,,,,,,
Report Time  : 16:07,,,,,,,
--------------------------------------------------------------------------------,,,,,,,
,,,,,,,
LINE,VALUE,Minimum Rated Voltage,SHAPE,#,REFDES,PACKAGE,DEVICE
,,,,,,,
1,.1uF,25V,CAPC2012X145N,4,"C2,C6,C7,C8",IPC-7351\Chip-C0805,CAPACITOR_VIRTUAL
2,.33uF,25V,CAPC2012X145N,1,C13,IPC-7351\Chip-C0805,CAPACITOR_VIRTUAL
3,1MOhm,,RESC2012X70N,1,R2,IPC-7351\Chip-R0805,RESISTOR_VIRTUAL
4,1nF,25V,CAPC2012X145N,1,C3,IPC-7351\Chip-C0805,CAPACITOR_VIRTUAL
5,1uF,10V,CAPC2012X145N,1,C9,IPC-7351\Chip-C0805,CAPACITOR_VIRTUAL
6,1Ohm,,RESC2012X70N,3,"R7,R8,R9",IPC-7351\Chip-R0805,RESISTOR_VIRTUAL
7,18pF,10V,CAPC2012X145N,2,"C10,C11",IPC-7351\Chip-C0805,CAPACITOR_VIRTUAL
8,20kOhm,,RESC2012X70N,6,"R1,R11,R12,R13,R14,R16",IPC-7351\Chip-R0805,RESISTOR_VIRTUAL
9,22uF,25V,CAPC3225X279N,2,"C5,C12",IPC-7351\Chip-C1210,CAPACITOR_VIRTUAL
10,40kOhm,,RESC2012X70N,1,R10,IPC-7351\Chip-R0805,RESISTOR_VIRTUAL
11,82.5Ohm,,RESC2012X70N,2,"R3,R5",IPC-7351\Chip-R0805,RESISTOR_VIRTUAL
12,100pF,10V,CAPC2012X145N,2,"C1,C14",IPC-7351\Chip-C0805,CAPACITOR_VIRTUAL
14,145Ohm,,RESC2012X70N,2,"R4,R6",IPC-7351\Chip-R0805,RESISTOR_VIRTUAL
15,Atmega328p,,QFP80P900X900X120-32N,1,U1,IPC-7351\TQFP-32A,Atmega328p
16,Crystal,,AT49,1,Y1,Ultiboard\AT49,Crystal
17,HDR1X2,,26-60-5020,1,J1,Generic\26-60-5020,26-60-5020
18,HDR1X4,,SWR25X-NRTC-S04-RB-BA,1,LEDS,SWR25X-NRTC-S04-RB-BA,SWR25X-NRTC-S04-RB-BA
19,ISL81487E,,SOIC127P600X175-8N,1,U3,IPC-7351\SOIC-8,ISL81487E
20,NTR4003NT1G,,SOT95P237X111-3N,3,"Q1,Q2,Q3",ON Semiconductor\SOT-23-3(CASE 318-08AP),NTR4003NT1G
21,RGB,,LTST-C19HE1WT,1,LED,Lite-On\LTST-C19HE1WT,RGB
22,RJ45,,54602-908LF,2,"NEXT,PREV",FCI\54602-908LF,RJ45
23,RT9058,,TO228P991X238-3N,1,U2,IPC-7531\TO-252AA,RT9058
24,TEST_PT1,,1217861,1,J6,TEConnectivityAMPConnectors\1217861,CapSense
,,,,,,,
DO NOT INSERT:,,,,,,,
C4,,,,,,,
R15,,,,,,,
ISP3,,,,,,,
FTDI,,,,,,,
J7,,,,,,,
